CatchClause;3;['hive_1cedb1_d83a0b_streaming#src#java#org#apache#hive#streaming#AbstractRecordWriter.txt', 'wildfly_397cf3_b1a5c0_ejb3#src#main#java#org#jboss#as#ejb3#iiop#stub#DynamicStubFactoryFactory.txt', 'wildfly_41c51b_2aea4f_connector#src#main#java#org#jboss#as#connector#deployers#ds#processors#DriverProcessor.txt', 'wildfly-arquillian_37c78e_e4181c_common#src#main#java#org#jboss#as#arquillian#container#ServerSetupObserver.txt', 'spring-framework_21fad8_ad0d79_spring-web#src#main#java#org#springframework#http#client#SimpleClientHttpResponse.txt', 'spring-framework_a55a0f_4838f0_spring-context-support#src#main#java#org#springframework#ui#freemarker#FreeMarkerConfigurationFactory.txt', 'mockito_33a062_224657_src#org#mockito#internal#verification#VerificationOverTimeImpl.txt', 'spring-framework_c94d58_9a71a0_spring-core#src#main#java#org#springframework#core#annotation#OrderUtils.txt', 'camel_d6c450_be4178_camel-core#src#main#java#org#apache#camel#management#InstrumentationProcessor.txt', 'camel_7902ef_ee4ae6_components#camel-leveldb#src#main#java#org#apache#camel#component#leveldb#LevelDBFile.txt', 'spring-data-gemfire_81e410_477dca_src#main#java#org#springframework#data#gemfire#GemfireTransactionManager.txt', 'hbase_60e69c6_09200b_src#java#org#apache#hadoop#hbase#mapreduce#TableInputFormatBase.txt', 'spring-android_d27b62_4295f4_spring-android-rest-template#src#main#java#org#springframework#http#converter#json#MappingJacksonHttpMessageConverter.txt', 'hbase_85e1d9_12982d_hbase-server#src#main#java#org#apache#hadoop#hbase#regionserver#wal#ProtobufLogReader.txt'];True;[('0',), ('0',), ('0',), ('0',), ('0',), ('0',), ('0',), ('0',), ('0',), ('0',), ('0',), ('0',), ('0',), ('0',)];{('0',): 14}
CatchClause;4;['spring-framework_d1d5e2_96b9cf_org.springframework.jms#src#main#java#org#springframework#jms#connection#JmsResourceHolder.txt', 'spring-amqp_aa0580_11d927_spring-rabbit#src#main#java#org#springframework#amqp#rabbit#listener#SimpleMessageListenerContainer.txt', 'spring-framework_9334fa_323fa8_spring-webmvc#src#main#java#org#springframework#web#servlet#resource#ResourceHttpRequestHandler.txt', 'hbase_0be4e1_da4167c_hbase-client#src#main#java#org#apache#hadoop#hbase#catalog#CatalogTracker.txt', 'camel_2923c8_9ef445b_components#camel-mongodb#src#main#java#org#apache#camel#component#mongodb#MongoDbTailingProcess.txt', 'hbase_c93cff_7e3998_hbase-server#src#main#java#org#apache#hadoop#hbase#util#FSTableDescriptors.txt'];True;[('0',), ('0',), ('0',), ('0',), ('0',), ('0',)];{('0',): 6}
CatchClause;6;['spring-data-mongodb_161a98_928847_spring-data-mongodb#src#main#java#org#springframework#data#mongodb#core#convert#QueryMapper.txt', 'wildfly_eb03d8_b47454_naming#src#main#java#org#jboss#as#naming#InitialContext.txt', 'spring-roo_ff5edc_5f02cb_addon-dbre#src#main#java#org#springframework#roo#addon#dbre#model#DatabaseXmlUtils.txt', 'hbase_040b2f_0285cb_hbase-server#src#main#java#org#apache#hadoop#hbase#wal#AbstractFSWALProvider.txt', 'hbase_09ed7c_eb424a_hbase-server#src#main#java#org#apache#hadoop#hbase#io#hfile#bucket#FileIOEngine.txt', 'wildfly_a4b788_207757_naming#src#main#java#org#jboss#as#naming#ServiceBasedNamingStore.txt'];True;[('5',), ('2',), ('4',), ('0',), ('2',), ('2',)];{('2',): 3}
CatchClause,CatchClause;3,3;['wildfly_c734a6_2a5233_cli#src#main#java#org#jboss#as#cli#impl#CliConfigImpl.txt', 'spring-framework_3681d5_2146e1_spring-orm#src#main#java#org#springframework#orm#hibernate5#SpringBeanContainer.txt', 'spring-security_e08e9c_09acc2_web#src#main#java#org#springframework#security#web#authentication#rememberme#PersistentTokenBasedRememberMeServices.txt', 'hive_cff4e2_92f764_metastore#src#java#org#apache#hadoop#hive#metastore#MetaStoreUtils.txt'];True;[('0', '0', '0', '0'), ('0', '0', '0', '0'), ('0', '0', '0', '0'), ('0', '0', '0', '0')];{('0', '0', '0', '0'): 4}
CatchClause,CatchClause;4,4;['hbase_c176d4_5b6175_src#main#java#org#apache#hadoop#hbase#catalog#CatalogTracker.txt', 'hbase_99e725_4531cc_src#java#org#apache#hadoop#hbase#regionserver#HRegionServer.txt'];True;[('0', '0', '0', '0'), ('0', '0', '0', '0')];{('0', '0', '0', '0'): 2}
ExpressionStatement;2;['hbase_7df562_b6c0ce_src#main#java#org#apache#hadoop#hbase#master#MasterFileSystem.txt', 'hbase_7bdacf_5a2ca4_hbase-server#src#main#java#org#apache#hadoop#hbase#regionserver#RSRpcServices.txt', 'spring-data-redis_902104_2cb458_src#main#java#org#springframework#data#redis#listener#RedisMessageListenerContainer.txt', 'wildfly_066d17_55bf6f_clustering#infinispan#extension#src#main#java#org#jboss#as#clustering#infinispan#ChannelTransport.txt', 'hbase_8b99b9_5938f5_hbase-server#src#main#java#org#apache#hadoop#hbase#migration#UpgradeTo96.txt', 'hbase_4745ca_0be4e1_hbase-server#src#main#java#org#apache#hadoop#hbase#master#HMaster.txt', 'hbase_5f3004_731e2f_hbase-server#src#main#java#org#apache#hadoop#hbase#master#AssignmentManager.txt', 'spring-social-facebook_513007_e3608b_spring-social-facebook#src#main#java#org#springframework#social#facebook#api#impl#FacebookTemplate.txt', 'hbase_62d732_c1b45a_hbase-client#src#main#java#org#apache#hadoop#hbase#client#AsyncTableResultScanner.txt', 'hbase_5486d8_e228a1_src#main#java#org#apache#hadoop#hbase#regionserver#ExplicitColumnTracker.txt', 'hbase_51ec5b_8575ed_src#main#java#org#apache#hadoop#hbase#client#ClientScanner.txt', 'spring-roo_1370e4_6f69c6_classpath-javaparser#src#main#java#org#springframework#roo#classpath#javaparser#JavaParserMutableClassOrInterfaceTypeDetails.txt', 'hive_2d3d09_03c945_serde#src#java#org#apache#hadoop#hive#serde2#thrift#TCTLSeparatedProtocol.txt', 'hbase_30c7e95_6f1af4_hbase-server#src#main#java#org#apache#hadoop#hbase#regionserver#StoreScanner.txt', 'hbase_b81302_3ea48f_hbase-client#src#main#java#org#apache#hadoop#hbase#ipc#RpcClient.txt', 'hive_dfa1a5_8d966e_ql#src#java#org#apache#hadoop#hive#ql#exec#CommonJoinOperator.txt', 'hive_c8ad4d_3ff8d5_ql#src#java#org#apache#hadoop#hive#ql#exec#CommonJoinOperator.txt', 'hive_c67aad_180648_beeline#src#java#org#apache#hive#beeline#BeeLine.txt', 'hbase_bca3fc_1d0975_src#main#java#org#apache#hadoop#hbase#regionserver#RegionCoprocessorHost.txt', 'spring-batch_d0455b_5c7dcc_spring-batch-infrastructure#src#main#java#org#springframework#batch#item#file#FlatFileItemReader.txt', 'hive_f1d355_2ef3ab_llap-tez#src#java#org#apache#hadoop#hive#llap#tezplugins#LlapTaskSchedulerService.txt', 'hive_e727d6_c935c6_jdbc#src#java#org#apache#hadoop#hive#jdbc#HivePreparedStatement.txt', 'camel_baf208_cf5e4e_camel-core#src#main#java#org#apache#camel#component#bean#DefaultParameterMappingStrategy.txt'];True;[('0',), ('0',), ('0',), ('1',), ('0',), ('0',), ('0',), ('0',), ('0',), ('0',), ('0',), ('0',), ('0',), ('0',), ('0',), ('0',), ('0',), ('0',), ('0',), ('0',), ('0',), ('0',), ('0',)];{('0',): 22}
ExpressionStatement;3;['spring-security_72aeca_d3339a_web#src#main#java#org#springframework#security#web#authentication#switchuser#SwitchUserFilter.txt', 'spring-roo_a878d0_2cb37e_classpath-javaparser#src#main#java#org#springframework#roo#classpath#javaparser#JavaParserMutableClassOrInterfaceTypeDetails.txt', 'spring-roo_a5f744_0a962e_addon-web-mvc-controller#src#main#java#org#springframework#roo#addon#web#mvc#controller#scaffold#WebScaffoldMetadata.txt', 'wildfly-elytron_05a463_f7f15e_src#main#java#org#wildfly#security#http#impl#BasicAuthenticationMechanism.txt', 'spring-framework_9e0d87_977cee_org.springframework.context#src#main#java#org#springframework#context#annotation#ConfigurationClassEnhancer.txt', 'camel_2e87df_4656f0_camel-core#src#main#java#org#apache#camel#model#rest#RestDefinition.txt', 'hive_49bddf_f7886b_service#src#java#org#apache#hive#service#cli#CLIService.txt', 'camel_f647b9_a9e94c_camel-core#src#main#java#org#apache#camel#processor#Logger.txt', 'spring-framework_02d28a_71c3e4e_spring-websocket#src#main#java#org#springframework#web#socket#sockjs#frame#SockJsFrame.txt', 'wildfly_0bff5e_396389_clustering#infinispan#extension#src#main#java#org#jboss#as#clustering#infinispan#subsystem#DistributedCacheAddHandler.txt', 'spring-security_57f3d2_1c72b7_core#src#main#java#org#acegisecurity#providers#cas#CasAuthenticationProvider.txt', 'wildfly-elytron_4d7516_649d75_src#main#java#org#wildfly#security#ssl#ProtocolSelector.txt', 'wildfly-swarm_03e1fd_37cf14_fractions#mod_cluster#src#main#java#org#wildfly#swarm#mod_cluster#runtime#ModclusterSocketBindingCustomizer.txt', 'spring-ws_b2a92d_7d50d5_core#src#main#java#org#springframework#ws#wsdl#wsdl11#DefaultWsdl11Definition.txt', 'wildfly_f0624b_eb3478_ejb3#src#main#java#org#jboss#as#ejb3#tx#CMTTxInterceptor.txt', 'hbase_47ae2d_08491e_hbase-server#src#main#java#org#apache#hadoop#hbase#replication#ReplicationPeer.txt', 'spring-shell_7b9e0d_1626a4_src#main#java#org#springframework#shell#core#JLineShell.txt', 'spring-ws_7b1862_dfa684_core#src#main#java#org#springframework#ws#server#endpoint#adapter#DefaultMethodEndpointAdapter.txt', 'spring-ws_7bad57_59c8fd_core#src#main#java#org#springframework#ws#wsdl#wsdl11#provider#DefaultConcretePartProvider.txt', 'spring-ldap_334585_17686f_core#src#main#java#org#springframework#ldap#core#LdapTemplate.txt', 'hbase_e6cc54_3080fb_src#main#java#org#apache#hadoop#hbase#ipc#HBaseRPC.txt', 'hbase_3fa86a_68113a_hbase-server#src#main#java#org#apache#hadoop#hbase#mapreduce#MultiTableOutputFormat.txt', 'wildfly_ef6743_db43a3_cli#src#main#java#org#jboss#as#cli#impl#CommandContextImpl.txt', 'hbase_41c8ec_f5ad73_hbase-server#src#main#java#org#apache#hadoop#hbase#regionserver#wal#FSHLog.txt', 'hbase_6a73d5_3704dc_hbase-server#src#main#java#org#apache#hadoop#hbase#zookeeper#ZooKeeperWatcher.txt', 'spring-social-linkedin_e90c35_cb274d_spring-social-linkedin#src#main#java#org#springframework#social#linkedin#api#impl#NetworkUpdateTemplate.txt', 'hbase_e74cd2_5b7f4b_hbase-server#src#main#java#org#apache#hadoop#hbase#zookeeper#RecoverableZooKeeper.txt', 'spring-webflow_fbdff9_e28be2_spring-js#src#main#java#org#springframework#js#resource#ResourceServlet.txt', 'spring-framework_eeecba_578c07_spring-web#src#main#java#org#springframework#http#converter#json#AbstractJsonHttpMessageConverter.txt', 'wildfly-core_5c1852_78ca1c_server#src#main#java#org#jboss#as#server#deployment#module#SubDeploymentDependencyProcessor.txt', 'spring-framework_ac9a62_c31213_org.springframework.oxm#src#main#java#org#springframework#oxm#xstream#XStreamMarshaller.txt', 'hbase_79868b_25419d_hbase-server#src#main#java#org#apache#hadoop#hbase#snapshot#SnapshotManifestV1.txt', 'spring-data-redis_4e13ac_634e8c_src#main#java#org#springframework#data#redis#connection#jedis#JedisConnection.txt', 'camel_11a8f6_5356ab_components#camel-spring-boot#src#main#java#org#apache#camel#spring#boot#CamelMainRunController.txt', 'camel_11e9c7_614c80d_components#camel-ftp#src#main#java#org#apache#camel#component#file#remote#SftpOperations.txt', 'hive_1de97b_8c8ff3_metastore#src#java#org#apache#hadoop#hive#metastore#ObjectStore.txt', 'hbase_2ec4c4_40dc5d_hbase-server#src#main#java#org#apache#hadoop#hbase#master#AssignmentManager.txt', 'wildfly-core_13fa47_0d7ec0_cli#src#main#java#org#jboss#as#cli#embedded#StopEmbeddedHostControllerHandler.txt', 'hbase_265071_7227c2_hbase-server#src#main#java#org#apache#hadoop#hbase#master#MasterRpcServices.txt', 'hbase_247f50_a0f237_src#java#org#apache#hadoop#hbase#util#MetaUtils.txt', 'spring-data-mongodb_113566_786284_spring-data-mongodb#src#main#java#org#springframework#data#mongodb#core#query#Update.txt', 'wildfly_3d7e38_c0dcc5f_domain-http#interface#src#main#java#org#jboss#as#domain#http#server#ManagementHttpServer.txt', 'camel_0297368_35bde2_camel-core#src#main#java#org#apache#camel#processor#interceptor#Tracer.txt', 'hive_e2ee45_e61a1a_ql#src#java#org#apache#hadoop#hive#ql#exec#Utilities.txt', 'hbase_bbb7e1_2f29bb_hbase-server#src#main#java#org#apache#hadoop#hbase#regionserver#HRegion.txt', 'wildfly_c87cec_bebcbd_connector#src#main#java#org#jboss#as#connector#subsystems#datasources#InstalledDriversListOperationHandler.txt', 'camel_7cd38e_31165d_components#camel-ftp#src#main#java#org#apache#camel#component#file#remote#SftpOperations.txt', 'wildfly_65abbc_c65435_messaging-activemq#src#main#java#org#wildfly#extension#messaging#activemq#ServerAdd.txt', 'camel_8e1d10_805fa8_components#camel-undertow#src#main#java#org#apache#camel#component#undertow#DefaultUndertowHttpBinding.txt', 'spring-batch_8cabd9_56e304_spring-batch-core#src#main#java#org#springframework#batch#core#step#AbstractStep.txt', 'wildfly_65db86_d098d1_undertow#src#main#java#org#wildfly#extension#undertow#deployment#WarMetaDataProcessor.txt', 'wildfly_4f991c_fc91e1_connector#src#main#java#org#jboss#as#connector#subsystems#datasources#JdbcDriverDefinition.txt', 'wildfly_b61375_110f4f_cli#src#main#java#org#jboss#as#cli#impl#CommandContextImpl.txt', 'hive_eac9d0_f242b2_ql#src#java#org#apache#hadoop#hive#ql#DriverContext.txt', 'hive_ec3c2f_87da45_serde#src#java#org#apache#hadoop#hive#serde2#columnar#ColumnarSerDe.txt', 'hive_b2efd1_3c8b9c_ql#src#java#org#apache#hadoop#hive#ql#exec#CommonMergeJoinOperator.txt', 'wildfly_c1dcec_fcc2dd_undertow#src#main#java#org#wildfly#extension#undertow#Server.txt'];True;[('0',), ('0',), ('3',), ('0',), ('0',), ('0',), ('0',), ('0',), ('0',), ('3',), ('0',), ('0',), ('4',), ('0',), ('0',), ('0',), ('0',), ('0',), ('0',), ('0',), ('0',), ('0',), ('0',), ('0',), ('0',), ('0',), ('0',), ('0',), ('0',), ('0',), ('2',), ('0',), ('0',), ('0',), ('4',), ('0',), ('0',), ('3',), ('3',), ('0',), ('0',), ('0',), ('0',), ('0',), ('0',), ('3',), ('0',), ('3',), ('3',), ('0',), ('6',), ('0',), ('0',), ('0',), ('0',), ('0',), ('0',)];{('0',): 46, ('3',): 7, ('4',): 2}
ExpressionStatement,ExpressionStatement;2,2;['hbase_10d336_1bb0a0_hbase-server#src#main#java#org#apache#hadoop#hbase#regionserver#HRegionServer.txt', 'hbase_997c8f_b11479_hbase-server#src#main#java#org#apache#hadoop#hbase#regionserver#HRegion.txt', 'spring-ws_faaae2_18717f_core#src#main#java#org#springframework#ws#client#core#WebServiceTemplate.txt'];True;[('0', '0', '0', '0'), ('0', '0', '0', '0'), ('0', '0', '0', '0')];{('0', '0', '0', '0'): 3}
ExpressionStatement,ExpressionStatement;3,3;['spring-data-redis_4f5eb9_11e4b0_src#main#java#org#springframework#data#redis#connection#jedis#JedisConnection.txt', 'wildfly-core_c5400b_0cd277_process-controller#src#main#java#org#jboss#as#process#ManagedProcess.txt', 'hbase_f88224_b09b87_hbase-client#src#main#java#org#apache#hadoop#hbase#zookeeper#ReadOnlyZKClient.txt', 'wildfly-swarm_73db8f_512c58_core#container#src#main#java#org#wildfly#swarm#internal#ArtifactManager.txt', 'camel_6769dd_468d64_components#camel-ftp#src#main#java#org#apache#camel#component#file#remote#SftpOperations.txt', 'wildfly_906d69_6f10b9_legacy#web#src#main#java#org#jboss#as#web#WebMigrateOperation.txt', 'hive_8cdee6_afd0d9_ql#src#java#org#apache#hadoop#hive#ql#exec#OperatorUtils.txt', 'hbase_46c756_d7e5c6_hbase-server#src#main#java#org#apache#hadoop#hbase#replication#HBaseReplicationEndpoint.txt', 'hbase_3704dc_0c56fe_hbase-server#src#main#java#org#apache#hadoop#hbase#replication#ReplicationZookeeper.txt', 'hive_679655_7ea02c_ql#src#java#org#apache#hadoop#hive#ql#exec#tez#DagUtils.txt', 'spring-data-commons_8a02b4_fc5ce6_src#main#java#org#springframework#data#web#PageableHandlerMethodArgumentResolver.txt', 'wildfly-swarm_bed941_2cc46b_undertow#src#main#java#org#wildfly#swarm#undertow#descriptors#WebXmlAsset.txt'];True;[('0', '0', '0', '0'), ('0', '0', '0', '0'), ('0', '0', '0', '0'), ('1', '1', '1', '1'), ('0', '0', '0', '0'), ('0', '0', '0', '0'), ('0', '0', '0', '0'), ('0', '0', '0', '0'), ('0', '0', '0', '0'), ('8', '8', '8', '8'), ('0', '0', '0', '0'), ('3', '3', '3', '3')];{('0', '0', '0', '0'): 9}
ExpressionStatement,ExpressionStatement;3,5;['spring-security_8661e1_c45b4e_core#src#main#java#org#springframework#security#userdetails#ldap#LdapUserDetailsManager.txt', 'camel_96fb5a_73c3d4_components#camel-mqtt#src#main#java#org#apache#camel#component#mqtt#MQTTEndpoint.txt', 'wildfly_932a18_468b34_messaging-activemq#src#main#java#org#wildfly#extension#messaging#activemq#jms#JMSService.txt'];True;[('0', '12'), ('0', '12'), ('0', '19')];{('0', '12'): 2}
ExpressionStatement,ExpressionStatement;3,7;['wildfly_47f8da_29dcab_messaging-activemq#src#main#java#org#wildfly#extension#messaging#activemq#jms#bridge#JMSBridgeAdd.txt', 'wildfly-core_70ce92_1fa841_host-controller#src#main#java#org#jboss#as#host#controller#operations#StartServersHandler.txt'];True;[('0', '10'), ('0', '10')];{('0', '10'): 2}
ExpressionStatement,ExpressionStatement;4,4;['spring-data-jpa_db8aeb_c8a0f0_src#main#java#org#springframework#data#jpa#repository#support#SimpleJpaRepository.txt', 'hbase_af9422_fe75ed_hbase-client#src#main#java#org#apache#hadoop#hbase#security#SaslClientHandler.txt', 'commons-math_180db5_5511a4_src#main#java#org#apache#commons#math#analysis#solvers#BrentSolver.txt', 'wildfly-core_c08c5f_d560a5_elytron#src#main#java#org#wildfly#extension#elytron#MapperParser.txt', 'hbase_f641aa_a376c8_hbase-client#src#main#java#org#apache#hadoop#hbase#protobuf#ProtobufUtil.txt', 'wildfly-core_94791f_bd06dd_cli#src#main#java#org#jboss#as#cli#handlers#VersionHandler.txt', 'spring-framework_319724_2b4c81_spring-core#src#main#java#org#springframework#core#ResolvableType.txt', 'hive_1c7978_311557_ql#src#java#org#apache#hadoop#hive#ql#Context.txt', 'camel_60f734_c22af7_components#camel-kafka#src#main#java#org#apache#camel#component#kafka#KafkaConfiguration.txt', 'wildfly-elytron_4ce065_811218_src#main#java#org#wildfly#security#http#util#SecurityProviderServerMechanismFactory.txt', 'hive_789f11_181a85_service#src#java#org#apache#hive#service#cli#session#HiveSessionImpl.txt', 'wildfly-swarm_aab5eb_e956fc_core#bootstrap#src#main#java#org#wildfly#swarm#bootstrap#modules#NestedJarResourceLoader.txt', 'hive_8d02f3_fbb3aa_ql#src#java#org#apache#hadoop#hive#ql#exec#persistence#HashMapWrapper.txt', 'hive_b65008_5971e6_ql#src#java#org#apache#hadoop#hive#ql#optimizer#SortedDynPartitionOptimizer.txt', 'wildfly-maven-plugin_3f138e_b78d24_plugin#src#main#java#org#wildfly#plugin#deployment#PackageType.txt', 'wildfly_2402ba_532788_ejb3#src#main#java#org#jboss#as#ejb3#iiop#POARegistry.txt', 'hbase_3e6fa5_740749_src#java#org#apache#hadoop#hbase#util#Merge.txt', 'spring-batch_79c7ea_91b534_spring-batch-core#src#main#java#org#springframework#batch#core#jsr#configuration#xml#StepParser.txt', 'hive_1b26af_13025a_cli#src#java#org#apache#hadoop#hive#cli#CliDriver.txt', 'camel_bc056b_a31eba_components#camel-ftp#src#main#java#org#apache#camel#component#file#remote#SftpOperations.txt', 'wildfly_19dac4_ccbdf7_jmx#src#main#java#org#jboss#as#jmx#PluggableMBeanServerImpl.txt', 'hive_dac442_ca5e0e_ql#src#java#org#apache#hadoop#hive#ql#parse#DDLSemanticAnalyzer.txt', 'wildfly_ac6f92_e12e08b6_undertow#src#main#java#org#wildfly#extension#undertow#deployment#UndertowDeploymentInfoService.txt', 'hive_27aadf_06b298_beeline#src#java#org#apache#hive#beeline#DatabaseConnection.txt'];True;[('1', '1', '1', '1'), ('1', '1', '1', '1'), ('2', '2', '2', '2'), ('9', '9', '9', '9'), ('1', '1', '1', '1'), ('16', '3', '16', '3'), ('1', '2', '1', '2'), ('9', '9', '9', '9'), ('3', '3', '3', '3'), ('3', '3', '3', '3'), ('1', '1', '1', '1'), ('1', '1', '1', '1'), ('1', '1', '1', '1'), ('2', '2', '2', '2'), ('2', '2', '2', '2'), ('9', '9', '9', '9'), ('0', '0', '0', '0'), ('6', '6', '6', '6'), ('15', '15', '15', '15'), ('3', '3', '3', '3'), ('0', '0', '0', '0'), ('27', '27', '27', '27'), ('7', '7', '7', '7'), ('3', '3', '3', '3')];{('1', '1', '1', '1'): 6, ('2', '2', '2', '2'): 3, ('9', '9', '9', '9'): 3, ('3', '3', '3', '3'): 4, ('0', '0', '0', '0'): 2}
ExpressionStatement,ExpressionStatement;5,4;['spring-security_25ba26_11b448_core#src#main#java#org#springframework#security#ui#webapp#DefaultLoginPageGeneratingFilter.txt', 'spring-framework_c7d005_2ac4a8_spring-webmvc#src#main#java#org#springframework#web#servlet#tags#form#FormTag.txt', 'spring-batch_d7fe0a_172080_spring-batch-infrastructure#src#main#java#org#springframework#batch#item#database#support#SqlPagingQueryUtils.txt'];True;[('0', '3'), ('2', '3'), ('0', '3')];{('0', '3'): 2}
ExpressionStatement,ExpressionStatement;7,5;['commons-crypto_521615_977d40_src#main#java#org#apache#commons#crypto#NativeCodeLoader.txt', 'hbase_110c5f_065d03_hbase-server#src#main#java#org#apache#hadoop#hbase#security#access#AccessController.txt', 'spring-batch_698974_f690e3_spring-batch-core#src#main#java#org#springframework#batch#core#step#item#ItemOrientedStep.txt', 'hbase_89ea8a_fbfe3f_src#main#java#org#apache#hadoop#hbase#mapreduce#HRegionPartitioner.txt', 'hbase_3d0671_f1a092_src#main#java#org#apache#hadoop#hbase#mapreduce#HRegionPartitioner.txt'];True;[('10', '11'), ('104', '56'), ('3', '1'), ('21', '1'), ('21', '1')];{('21', '1'): 2}
ExpressionStatement,ExpressionStatement,ExpressionStatement;3,3,3;['camel_59e2775_0fc67a_components#camel-cache#src#main#java#org#apache#camel#component#cache#CacheConfiguration.txt', 'wildfly_6cd52c_494078_host-controller#src#main#java#org#jboss#as#domain#controller#operations#ApplyRemoteMasterDomainModelHandler.txt', 'hive_41e820_cc8893_llap-server#src#java#org#apache#hadoop#hive#llap#daemon#impl#LlapDaemon.txt'];True;[('0', '0', '0', '0', '0', '0', '0', '0', '0'), ('0', '0', '0', '0', '0', '0', '0', '0', '0'), ('0', '0', '0', '0', '0', '0', '0', '0', '0')];{('0', '0', '0', '0', '0', '0', '0', '0', '0'): 3}
ExpressionStatement,ExpressionStatement,ExpressionStatement;4,4,4;['camel_55fb8b_3e4853_components#camel-cache#src#main#java#org#apache#camel#component#cache#CacheProducer.txt', 'spring-roo_5853c0_16ef408_addon-finder#src#main#java#org#springframework#roo#addon#finder#DynamicFinderServicesImpl.txt', 'camel_15f60b_4c5857_camel-core#src#main#java#org#apache#camel#impl#DefaultShutdownStrategy.txt', 'hive_ac93bf_bfa1b7_ql#src#java#org#apache#hadoop#hive#ql#exec#tez#ReduceRecordProcessor.txt', 'spring-roo_94114e_1601cb_addon-web-mvc-jsp#src#main#java#org#springframework#roo#addon#web#mvc#jsp#JspViewManager.txt', 'spring-security_a2468c_617e51_config#src#main#java#org#springframework#security#config#http#AuthenticationConfigBuilder.txt'];True;[('9', '9', '9', '9', '9', '9', '9', '9', '9'), ('3', '3', '3', '3', '3', '3', '3', '3', '3'), ('3', '3', '3', '3', '3', '3', '3', '3', '3'), ('1', '1', '1', '1', '1', '1', '1', '1', '1'), ('3', '3', '3', '3', '3', '3', '3', '3', '3'), ('0', '0', '0', '0', '0', '0', '0', '0', '0')];{('3', '3', '3', '3', '3', '3', '3', '3', '3'): 3}
ExpressionStatement,IfStatement,ExpressionStatement;4,32,4;['hive_9882a1_9432e1_hcatalog#webhcat#java-client#src#main#java#org#apache#hcatalog#api#HCatCreateTableDesc.txt', 'hive_ade2a6_52f738_hcatalog#webhcat#java-client#src#main#java#org#apache#hive#hcatalog#api#HCatCreateTableDesc.txt'];True;[('32', '32', '0', '32', '32'), ('32', '32', '0', '32', '32')];{('32', '32', '0', '32', '32'): 2}
ExpressionStatement,MethodDeclaration;4,7;['spring-security_b59188_88f41c_web#src#main#java#org#springframework#security#web#context#AbstractSecurityWebApplicationInitializer.txt', 'spring-security_54d0a2_43ec2b_web#src#main#java#org#springframework#security#web#authentication#WebAuthenticationDetails.txt'];True;[('2', '1'), ('2', '1')];{('2', '1'): 2}
ExpressionStatement,MethodDeclaration;8,20;['hbase_3fc23f_c55acb_hbase-server#src#main#java#org#apache#hadoop#hbase#master#procedure#CreateTableProcedure.txt', 'hbase_554d51_1792f5_hbase-server#src#main#java#org#apache#hadoop#hbase#master#procedure#TruncateTableProcedure.txt'];True;[('23', '6'), ('23', '6')];{('23', '6'): 2}
ExpressionStatement,VariableDeclarationStatement,ExpressionStatement,ExpressionStatement,VariableDeclarationStatement,ExpressionStatement;7,7,4,7,7,4;['spring-roo_0b3a3a7_43c185_addon-jpa#src#main#java#org#springframework#roo#addon#jpa#JpaOperationsImpl.txt', 'spring-roo_28d35f_b36543_addon-email#src#main#java#org#springframework#roo#addon#email#MailOperationsImpl.txt'];True;[('5', '5', '0', '0', '1', '1', '5', '5', '0', '0', '1', '1'), ('5', '5', '0', '0', '1', '1', '5', '5', '0', '0', '1', '1')];{('5', '5', '0', '0', '1', '1', '5', '5', '0', '0', '1', '1'): 2}
FieldDeclaration;2;['hive_a0ecc2_963639_ql#src#java#org#apache#hadoop#hive#ql#parse#ASTNode.txt', 'spring-framework_510950_e27f4b_org.springframework.context#src#main#java#org#springframework#context#support#SimpleThreadScope.txt', 'spring-framework_35c286_c931ea_org.springframework.core#src#main#java#org#springframework#core#OrderComparator.txt', 'hbase_d15ae0e_0f1485_hbase-server#src#main#java#org#apache#hadoop#hbase#regionserver#SplitTransactionImpl.txt', 'hbase_cbb95c_015f2e_hbase-client#src#main#java#org#apache#hadoop#hbase#HColumnDescriptor.txt', 'hive_8cf36e_5ddd58_ql#src#java#org#apache#hadoop#hive#ql#plan#BaseWork.txt', 'wildfly-elytron_7c0d2a_ca9985_src#main#java#org#wildfly#security#auth#client#AuthenticationConfiguration.txt', 'commons-codec_8c5c6b_6a0a18_src#main#java#org#apache#commons#codec#net#URLCodec.txt', 'hbase_a3b00e_628177_hbase-server#src#main#java#org#apache#hadoop#hbase#regionserver#compactions#Compactor.txt', 'camel_039bb1_cce4eb_camel-core#src#main#java#org#apache#camel#util#CaseInsensitiveMap.txt', 'spring-data-commons_9db6cc_a89d1c_src#main#java#org#springframework#data#repository#core#support#RepositoryFactorySupport.txt', 'spring-data-commons_b60f5d_de4f1f_src#main#java#org#springframework#data#repository#query#Parameters.txt', 'spring-batch_a64a83_297313_spring-batch-core#src#main#java#org#springframework#batch#core#repository#dao#MapJobInstanceDao.txt', 'spring-batch_c66f98_e4a767_spring-batch-core#src#main#java#org#springframework#batch#core#JobExecution.txt', 'hbase_b1df2f_b6f091_hbase-server#src#main#java#org#apache#hadoop#hbase#regionserver#StoreScanner.txt', 'hive_ece822_b36f6a_ql#src#java#org#apache#hadoop#hive#ql#exec#SparkHashTableSinkOperator.txt', 'hbase_9a07e0_f572c4_hbase-server#src#main#java#org#apache#hadoop#hbase#wal#WALFactory.txt', 'wildfly_32229c_d9e673_host-controller#src#main#java#org#jboss#as#host#controller#DomainModelControllerService.txt', 'wildfly-core_47f8bd_1b875d_controller#src#main#java#org#jboss#as#controller#OperationContextImpl.txt', 'spring-webflow_314273_62ba6e_spring-webflow#src#main#java#org#springframework#webflow#context#ExternalContextHolder.txt', 'hbase_dc522d_3f7b18_hbase-client#src#main#java#org#apache#hadoop#hbase#filter#Filter.txt', 'hbase_1eadb5_76bae3_hbase-client#src#main#java#org#apache#hadoop#hbase#client#Mutation.txt', 'hbase_f90b47_bbbfea_hbase-server#src#main#java#org#apache#hadoop#hbase#regionserver#HStore.txt', 'hbase_f386d4_78c811_hbase-server#src#main#java#org#apache#hadoop#hbase#regionserver#HStore.txt', 'hbase_f2f552_da58fb_hbase-server#src#main#java#org#apache#hadoop#hbase#regionserver#StoreFile.txt'];True;[('0',), ('0',), ('0',), ('0',), ('0',), ('0',), ('0',), ('0',), ('2',), ('0',), ('0',), ('0',), ('0',), ('0',), ('2',), ('0',), ('0',), ('0',), ('0',), ('0',), ('0',), ('0',), ('0',), ('0',), ('0',)];{('0',): 23, ('2',): 2}
FieldDeclaration;3;['hbase_d486bb_00acda_hbase-mapreduce#src#main#java#org#apache#hadoop#hbase#mapreduce#TableRecordReaderImpl.txt', 'wildfly-core_b99c99_465bb2_logging#src#main#java#org#jboss#as#logging#PatternFormatterResourceDefinition.txt', 'hbase_d51a18_f9b17b_hbase-client#src#main#java#org#apache#hadoop#hbase#client#replication#ReplicationAdmin.txt', 'spring-roo_b9c94a_68e916_shell-jline#src#main#java#org#springframework#roo#shell#jline#JLineLogHandler.txt', 'hbase_95c46c_b82558_src#main#java#org#apache#hadoop#hbase#mapreduce#CopyTable.txt', 'spring-security_a4e412_83868a_core#src#main#java#org#springframework#security#config#LdapUserServiceBeanDefinitionParser.txt', 'camel_2414eb_23854b_camel-core#src#main#java#org#apache#camel#support#TokenXMLExpressionIterator.txt', 'hive_a40280_acada8_llap-server#src#java#org#apache#hadoop#hive#llap#shufflehandler#ShuffleHandler.txt', 'hive_5edbf3_3b6825_jdbc#src#java#org#apache#hive#jdbc#HiveStatement.txt', 'wildfly-swarm_3bc834_0cdae6_api#src#main#java#org#wildfly#swarm#spi#api#SwarmProperties.txt', 'wildfly-elytron_20dccbf_f07c87_src#main#java#org#wildfly#security#http#HttpConstants.txt', 'wildfly-elytron_0fa541_8155db_src#main#java#org#wildfly#security#ssl#TLSServerEndPointChannelBinding.txt', 'wildfly-core_f70743_cc0905_controller#src#main#java#org#jboss#as#controller#PersistentResourceXMLDescription.txt', 'wildfly-elytron_2770a5_7996a2_src#main#java#org#wildfly#security#http#HttpConstants.txt', 'wildfly-maven-plugin_ff8e36_04d8e6_plugin#src#main#java#org#wildfly#plugin#cli#Commands.txt', 'hive_7d3da1_d3b88f_beeline#src#java#org#apache#hive#beeline#BeeLineOpts.txt', 'hive_7c0c83_1dd053_llap-server#src#java#org#apache#hadoop#hive#llap#io#decode#EncodedDataConsumer.txt', 'spring-roo_f5d23b_b6a318_addon-web-mvc-controller#src#main#java#org#springframework#roo#addon#web#mvc#controller#json#WebJsonMetadata.txt', 'camel_65648d_0a77f5_components#camel-smpp#src#main#java#org#apache#camel#component#smpp#SmppConstants.txt', 'camel_6641f1_0dfba4_camel-core#src#main#java#org#apache#camel#support#TokenXMLExpressionIterator.txt', 'hbase_af44f7_d5e815_hbase-hadoop-compat#src#main#java#org#apache#hadoop#hbase#regionserver#MetricsRegionServerSource.txt', 'spring-batch_baff82_92890d_spring-batch-core#src#main#java#org#springframework#batch#core#job#AbstractJob.txt', 'camel_2d7051e_328e6e_camel-core#src#main#java#org#apache#camel#support#TokenXMLExpressionIterator.txt', 'camel_5316ed_bb969c_components#camel-core-xml#src#main#java#org#apache#camel#core#xml#CamelJMXAgentDefinition.txt', 'hbase_97b3a04_5a0027_hbase-server#src#main#java#org#apache#hadoop#hbase#tool#Canary.txt', 'camel_268533_740aaa_components#camel-hazelcast#src#main#java#org#apache#camel#component#hazelcast#HazelcastComponent.txt', 'spring-data-jpa_94cd34_42e00d_src#main#java#org#springframework#data#jpa#repository#query#QueryUtils.txt', 'hive_c59a8c6_e70810_serde#src#gen#thrift#gen-javabean#org#apache#hadoop#hive#serde#serdeConstants.txt', 'spring-data-jpa_b09078_571ba3_src#main#java#org#springframework#data#jpa#repository#config#BeanDefinitionNames.txt', 'spring-data-jpa_be5946_c02f44_src#main#java#org#springframework#data#jpa#repository#query#StringQuery.txt', 'spring-data-jpa_c8a0f0_54f8cb_src#main#java#org#springframework#data#jpa#repository#query#QueryUtils.txt', 'spring-data-mongodb_03bcc5_457fda_spring-data-mongodb#src#main#java#org#springframework#data#mongodb#core#mapping#BasicMongoPersistentEntity.txt', 'hive_24da46_d60bc7_ql#src#java#org#apache#hadoop#hive#ql#parse#LoadSemanticAnalyzer.txt', 'hive_225e71_438c3e_ql#src#java#org#apache#hadoop#hive#ql#stats#jdbc#JDBCStatsSetupConstants.txt', 'wildfly-core_297815_7148a1_server#src#main#java#org#jboss#as#server#deployment#integration#Seam2Processor.txt', 'hive_3274baa_8901f2_common#src#java#org#apache#hadoop#hive#common#type#HiveDecimal.txt', 'spring-ws_38ada5_62602a_core#src#main#java#org#springframework#ws#server#endpoint#adapter#DefaultMethodEndpointAdapter.txt', 'hbase_538abf_d7bcd1_hbase-server#src#main#java#org#apache#hadoop#hbase#regionserver#MemStore.txt', 'spring-ws_246cc4_6cda1d_oxm#src#main#java#org#springframework#oxm#jibx#JibxMarshaller.txt', 'hbase_564c19_8b5c16_hbase-common#src#main#java#org#apache#hadoop#hbase#HConstants.txt', 'hbase_5a7c8d_0bb18d_hbase-server#src#main#java#org#apache#hadoop#hbase#master#balancer#StochasticLoadBalancer.txt', 'spring-social-facebook_083a96_942a48_spring-social-facebook#src#main#java#org#springframework#social#facebook#api#impl#LikeTemplate.txt', 'hbase_eb9988_508f769_hbase-common#src#main#java#org#apache#hadoop#hbase#HConstants.txt', 'hive_1569a0_3ac3ee_hcatalog#webhcat#svr#src#main#java#org#apache#hive#hcatalog#templeton#tool#JobSubmissionConstants.txt', 'wildfly-core_01b4a3_ab46f5_jmx#src#main#java#org#jboss#as#jmx#MBeanServerSignature.txt', 'hive_0a26c4_f42021_beeline#src#java#org#apache#hive#beeline#BeeLineOpts.txt', 'spring-framework_a17a88_ca8b98e_spring-web#src#main#java#org#springframework#web#multipart#support#StandardMultipartHttpServletRequest.txt', 'hbase_ecedb5_9de840_hbase-common#src#main#java#org#apache#hadoop#hbase#HConstants.txt', 'spring-social-linkedin_dac607_5ddaa5_spring-social-linkedin#src#main#java#org#springframework#social#linkedin#api#impl#json#LinkedInNetworkUpdateMixin.txt', 'wildfly-core_a78182_a0c2cc_controller#src#main#java#org#jboss#as#controller#descriptions#ModelDescriptionConstants.txt', 'commons-math_7bb945_91697f_src#java#org#apache#commons#math#special#Gamma.txt'];True;[('0',), ('0',), ('0',), ('4',), ('0',), ('0',), ('0',), ('0',), ('2',), ('0',), ('0',), ('0',), ('4',), ('0',), ('4',), ('4',), ('2',), ('0',), ('0',), ('0',), ('0',), ('4',), ('0',), ('0',), ('2',), ('8',), ('0',), ('0',), ('0',), ('0',), ('0',), ('0',), ('0',), ('0',), ('0',), ('2',), ('0',), ('4',), ('0',), ('0',), ('2',), ('0',), ('0',), ('0',), ('0',), ('4',), ('0',), ('2',), ('1',), ('0',), ('2',)];{('0',): 35, ('4',): 7, ('2',): 7}
FieldDeclaration,ExpressionStatement;2,5;['hive_b9a174_7e07a2_ql#src#java#org#apache#hadoop#hive#ql#exec#SerializationUtilities.txt', 'hive_1e7ad0_44bc8e71_ql#src#java#org#apache#hadoop#hive#ql#exec#SerializationUtilities.txt'];True;[('1', '8'), ('1', '8')];{('1', '8'): 2}
FieldDeclaration,FieldDeclaration;2,2;['spring-roo_f11301_86db2d_classpath#src#main#java#org#springframework#roo#classpath#itd#ItdFileDeletionService.txt', 'hive_f5ad79_7083f4_ql#src#java#org#apache#hadoop#hive#ql#exec#vector#expressions#ConstantVectorExpression.txt', 'hive_2e0493_421815_ql#src#java#org#apache#hadoop#hive#ql#exec#vector#expressions#OctetLength.txt', 'spring-webflow_b30a92_eade36_spring-binding#src#main#java#org#springframework#binding#mapping#impl#DefaultMappingResults.txt'];True;[('0', '0', '0', '0'), ('0', '0', '0', '0'), ('0', '0', '0', '0'), ('0', '0', '0', '0')];{('0', '0', '0', '0'): 4}
FieldDeclaration,FieldDeclaration;3,3;['spring-security_5f57e5_f19880_web#src#main#java#org#springframework#security#web#authentication#rememberme#AbstractRememberMeServices.txt', 'camel_9430e4d_d62f51_components#camel-netty#src#main#java#org#apache#camel#component#netty#NettyServerBootstrapConfiguration.txt', 'camel_451eca_16195c_components#camel-kafka#src#main#java#org#apache#camel#component#kafka#KafkaConstants.txt'];True;[('0', '0', '0', '0'), ('0', '0', '0', '0'), ('0', '0', '0', '0')];{('0', '0', '0', '0'): 3}
FieldDeclaration,FieldDeclaration;5,5;['wildfly_e69ba0_743972_messaging-activemq#src#main#java#org#wildfly#extension#messaging#activemq#CommonAttributes.txt', 'wildfly_88137c_fe842c1_datasources-agroal#src#main#java#org#wildfly#extension#datasources#agroal#DriverDefinition.txt', 'spring-batch_eafa7e_dcc9da_spring-batch-core#src#main#java#org#springframework#batch#core#scope#context#SynchronizationManagerSupport.txt', 'wildfly-core_a30a92_800c8b_elytron#src#main#java#org#wildfly#extension#elytron#PermissionMapperDefinitions.txt', 'camel_9ba42a_bf5a73_core#camel-util#src#main#java#org#apache#camel#util#URISupport.txt', 'wildfly-core_e0ae01_1166a6_host-controller#src#main#java#org#jboss#as#domain#controller#resources#HostExcludeResourceDefinition.txt', 'camel_fedcc6_bf1f56_components#camel-bindy#src#main#java#org#apache#camel#dataformat#bindy#BindyFixedLengthFactory.txt', 'hive_0b8e61_bb6fd0_ql#src#java#org#apache#hadoop#hive#ql#exec#Utilities.txt', 'camel_5c459f_0b4f88_camel-core#src#main#java#org#apache#camel#impl#DefaultExecutorServiceManager.txt', 'wildfly_09e0c7_8492ee_messaging-activemq#src#main#java#org#wildfly#extension#messaging#activemq#ClusterConnectionDefinition.txt'];True;[('4', '4', '4', '4'), ('4', '4', '4', '4'), ('3', '3', '3', '3'), ('27', '27'), ('2', '2', '2', '2'), ('4', '4', '4', '4'), ('3', '3', '3', '3'), ('2', '2', '2', '2'), ('3', '3', '3', '3'), ('4', '4', '4', '4')];{('4', '4', '4', '4'): 4, ('3', '3', '3', '3'): 3, ('2', '2', '2', '2'): 2}
FieldDeclaration,FieldDeclaration;7,7;['wildfly-core_5c800c_41480f_elytron#src#main#java#org#wildfly#extension#elytron#DirContextDefinition.txt', 'wildfly-core_c84ecc_f4b510_controller#src#main#java#org#jboss#as#controller#management#BaseNativeInterfaceResourceDefinition.txt', 'wildfly-core_186acf_662f70_elytron#src#main#java#org#wildfly#extension#elytron#DirContextDefinition.txt', 'camel_57b0e4_4ac744_components#camel-cdi#src#main#java#org#apache#camel#cdi#internal#CamelContextConfig.txt'];True;[('2', '2', '2', '2'), ('2', '2', '2', '2'), ('2', '2', '2', '2'), ('3', '3', '3', '3')];{('2', '2', '2', '2'): 3}
FieldDeclaration,MethodDeclaration;2,3;['spring-security_dda88e_57f3d2_core#src#main#java#org#acegisecurity#vote#LabelBasedAclVoter.txt', 'spring-batch_b1b8dc_b2d06a_execution#src#main#java#org#springframework#batch#execution#repository#dao#SqlStepDao.txt'];True;[('3', '3'), ('3', '3')];{('3', '3'): 2}
FieldDeclaration,MethodDeclaration,MethodDeclaration;5,6,14;['camel_d7a833_f8b27d_components#camel-salesforce#camel-salesforce-component#src#main#java#org#apache#camel#component#salesforce#internal#dto#LoginToken.txt', 'camel_6c851d_e78364_components#camel-http4#src#main#java#org#apache#camel#component#http4#HttpEndpoint.txt', 'camel_5d0989_60950da_components#camel-spring#src#main#java#org#apache#camel#spring#CamelEndpointFactoryBean.txt', 'camel_58bdeb_3a8287_components#camel-core-xml#src#main#java#org#apache#camel#core#xml#AbstractCamelEndpointFactoryBean.txt'];True;[('0', '1', '1'), ('0', '1', '1'), ('0', '1', '1'), ('0', '1', '1')];{('0', '1', '1'): 4}
IfStatement,IfStatement;10,10;['jfreechart_7a519a_79b5bc_source#org#jfree#chart#plot#CategoryPlot.txt', 'hive_65480c_5f26f3_ql#src#java#org#apache#hadoop#hive#ql#parse#SemanticAnalyzer.txt', 'wildfly-core_36645e_4b1903_controller#src#main#java#org#jboss#as#controller#AbstractOperationContext.txt', 'commons-lang_ad2370_6a5638_src#java#org#apache#commons#lang#text#StrBuilder.txt', 'hive_0a81e1_eb40ea_standalone-metastore#src#main#java#org#apache#hadoop#hive#metastore#HiveMetaStore.txt', 'camel_85ad12_c0561e_camel-core#src#main#java#org#apache#camel#model#language#ExpressionDefinition.txt'];True;[('4', '4', '4', '4'), ('46', '46', '46', '46'), ('38', '38', '38', '38'), ('1', '1', '1', '1'), ('4', '4', '4', '4'), ('49', '49', '49', '49')];{('4', '4', '4', '4'): 2}
IfStatement,IfStatement;2,2;['closure-compiler_1d5732_424231_src#com#google#javascript#rhino#jstype#NamedType.txt', 'spring-data-redis_63a79a_90affe_src#main#java#org#springframework#data#redis#connection#srp#SrpConnection.txt', 'spring-data-redis_746689_6686d6_src#main#java#org#springframework#data#redis#connection#jedis#JedisConnection.txt'];True;[('1', '1', '1', '1'), ('1', '1', '1', '1'), ('1', '1', '1', '1')];{('1', '1', '1', '1'): 3}
IfStatement,IfStatement;6,6;['hive_daa442_d02c87_ql#src#java#org#apache#hadoop#hive#ql#exec#ExecDriver.txt', 'camel_5eb3d8_fa4a6e_camel-core#src#main#java#org#apache#camel#impl#DefaultPackageScanClassResolver.txt', 'camel_4e31f2_56eb9f_components#camel-git#src#main#java#org#apache#camel#component#git#producer#GitProducer.txt', 'hive_5a9a32_036388_ql#src#java#org#apache#hadoop#hive#ql#io#orc#OrcInputFormat.txt', 'hive_4b5f0d_2abea8_beeline#src#java#org#apache#hive#beeline#DatabaseConnection.txt', 'hbase_bd8a4d_ad8e6c_hbase-server#src#main#java#org#apache#hadoop#hbase#security#HBaseSaslRpcServer.txt', 'spring-data-jpa_6b9515_28a565_src#main#java#org#springframework#data#jpa#domain#support#AuditingEntityListener.txt', 'hbase_a63e3a_25f7e8_hbase-client#src#main#java#org#apache#hadoop#hbase#client#ConnectionImplementation.txt', 'hive_a525b3_f23c38_ql#src#java#org#apache#hadoop#hive#ql#optimizer#ReduceSinkDeDuplication.txt', 'hbase_981df7_17daac_hbase-server#src#main#java#org#apache#hadoop#hbase#io#hfile#LruBlockCache.txt', 'hive_a35450_ac9405_ql#src#java#org#apache#hadoop#hive#ql#udf#generic#GenericUDFMask.txt'];True;[('2', '2', '2', '2'), ('19', '19', '19', '19'), ('13', '13', '13', '13'), ('19', '19', '19', '19'), ('4', '4', '4', '4'), ('19', '19', '19', '19'), ('2', '2', '2', '2'), ('29', '29', '29', '29'), ('4', '4', '4', '4'), ('19', '19', '19', '19'), ('44', '44', '44', '44')];{('2', '2', '2', '2'): 2, ('19', '19', '19', '19'): 4, ('4', '4', '4', '4'): 2}
IfStatement,IfStatement,IfStatement;8,8,8;['hive_97b475_8ed337_service#src#java#org#apache#hive#service#server#HiveServer2.txt', 'spring-roo_e9fb2d_ef823f_classpath#src#main#java#org#springframework#roo#classpath#details#AnnotationMetadataUtils.txt', 'camel_bc1a64_b0f029_components#camel-jms#src#main#java#org#apache#camel#component#jms#JmsBinding.txt'];True;[('9', '2', '2', '9', '2', '2', '9', '2', '2'), ('9', '2', '2', '9', '2', '2', '9', '2', '2'), ('7', '10', '23', '7', '10', '23', '7', '10', '23')];{('9', '2', '2', '9', '2', '2', '9', '2', '2'): 2}
MethodDeclaration;5;['hbase_bb1d95_b2d528_hbase-server#src#main#java#org#apache#hadoop#hbase#master#SplitLogManager.txt', 'hive_b0247c_7fe23a_metastore#src#java#org#apache#hadoop#hive#metastore#IMetaStoreClient.txt', 'spring-framework_6de062_626110_spring-web-reactive#src#main#java#org#springframework#web#reactive#function#RouterFunction.txt', 'wildfly-elytron_c4e768f_a6a4a3_src#main#java#org#wildfly#security#auth#client#SetCredentialsConfiguration.txt', 'spring-framework_e41b14_f0bcb7_spring-webmvc#src#main#java#org#springframework#web#servlet#config#annotation#ViewControllerRegistration.txt', 'spring-data-redis_ff8184_e1a3b3_src#main#java#org#springframework#data#redis#core#DefaultBoundZSetOperations.txt', 'spring-batch_0eac8f_45b3b0_spring-batch-infrastructure#src#main#java#org#springframework#batch#item#adapter#ItemReaderAdapter.txt'];True;[('22',), ('17',), ('10',), ('3',), ('14',), ('17',), ('8',)];{('17',): 2}
MethodDeclaration,MethodDeclaration;2,2;['spring-ws_795436_8267e4_core#src#main#java#org#springframework#ws#endpoint#AbstractSaxPayloadEndpoint.txt', 'hive_0a591b_3475a3_ql#src#java#org#apache#hadoop#hive#ql#parse#EximUtil.txt', 'camel_151dd7_640547_camel-core#src#main#java#org#apache#camel#impl#DefaultComponent.txt', 'hbase_ebb698_a5408f_src#main#java#org#apache#hadoop#hbase#zookeeper#ZooKeeperWrapper.txt', 'hbase_e4c43d_7d34da_src#main#java#org#apache#hadoop#hbase#monitoring#TaskMonitor.txt', 'camel_214197_4c0f0f_camel-core#src#main#java#org#apache#camel#impl#DefaultCamelContext.txt', 'commons-csv_720b34_adf5f8_src#main#java#org#apache#commons#csv#CSVFormat.txt', 'spring-ws_3e744e_932f07_core#src#main#java#org#springframework#ws#server#endpoint#interceptor#EndpointInterceptorAdapter.txt'];True;[('2', '2', '2', '2'), ('0', '0', '0', '0'), ('0', '0', '0', '0'), ('0', '0', '0', '0'), ('0', '0', '0', '0'), ('0', '0', '0', '0'), ('0', '0', '0', '0'), ('2', '2', '2', '2')];{('2', '2', '2', '2'): 2, ('0', '0', '0', '0'): 6}
MethodDeclaration,MethodDeclaration,MethodDeclaration;2,2,2;['camel_967d60_22c26f_camel-core#src#main#java#org#apache#camel#impl#DefaultCamelContext.txt', 'hbase_0512b4_59d7b4_hbase-server#src#main#java#org#apache#hadoop#hbase#coprocessor#MasterObserver.txt'];True;[('0', '0', '0', '0', '0', '0', '0', '0', '0'), ('0', '0', '0', '0', '0', '0', '0', '0', '0')];{('0', '0', '0', '0', '0', '0', '0', '0', '0'): 2}
MethodDeclaration,MethodDeclaration,MethodDeclaration,MethodDeclaration;2,2,2,2;['hbase_d46088_463d3d_core#src#main#java#org#apache#hadoop#hbase#client#HTable.txt', 'commons-collections_15ad78_4f296d_src#main#java#org#apache#commons#collections4#map#MultiKeyMap.txt', 'hbase_8e0854_e00a04_hbase-server#src#main#java#org#apache#hadoop#hbase#master#TableNamespaceManager.txt', 'hbase_c6236a_e09d63_hbase-server#src#main#java#org#apache#hadoop#hbase#regionserver#TimeRangeTracker.txt', 'wildfly-core_6ca02a_c5c796_domain-http#interface#src#main#java#org#jboss#as#domain#http#server#ManagementHttpServer.txt', 'spring-framework_d9c631_5b3bba_spring-jdbc#src#main#java#org#springframework#jdbc#core#namedparam#MapSqlParameterSource.txt'];True;[('0', '0', '0', '0', '0', '0', '0', '0', '0', '0', '0', '0', '0', '0', '0', '0'), ('1', '1', '1', '1', '1', '1', '1', '1', '1', '1', '1', '1', '1', '1', '1', '1'), ('0', '0', '0', '0', '0', '0', '0', '0', '0', '0', '0', '0', '0', '0', '0', '0'), ('0', '0', '0', '0', '0', '0', '0', '0', '0', '0', '0', '0', '0', '0', '0', '0'), ('0', '0', '0', '0', '0', '0', '0', '0', '0', '0', '0', '0', '0', '0', '0', '0'), ('4', '4', '4', '4', '4', '4', '4', '4', '4', '4', '4', '4', '4', '4', '4', '4')];{('0', '0', '0', '0', '0', '0', '0', '0', '0', '0', '0', '0', '0', '0', '0', '0'): 4}
ReturnStatement;2;['wildfly-swarm_357847_a3e0fa_fractions#microprofile#microprofile-config#src#main#java#org#wildfly#swarm#microprofile#config#fraction#detect#MicroProfileConfigPackageDetector.txt', 'hive_63bda8_d9717f_ql#src#java#org#apache#hadoop#hive#ql#optimizer#ConvertJoinMapJoin.txt', 'spring-framework_478162_6f7ad0_spring-web#src#main#java#org#springframework#web#jsf#el#WebApplicationContextFacesELResolver.txt', 'closure-compiler_e0f05a_4dd5bb_src#com#google#javascript#jscomp#NodeUtil.txt', 'camel_4a05ec_6e6330_camel-core#src#main#java#org#apache#camel#processor#aggregate#AggregateProcessor.txt', 'hbase_2bf8cd_239602_hbase-server#src#main#java#org#apache#hadoop#hbase#util#ConnectionCache.txt', 'hive_fffbec_dd77ce_standalone-metastore#src#main#java#org#apache#hadoop#hive#metastore#model#MConstraint.txt', 'commons-lang_48a938_d8e823_src#java#org#apache#commons#lang#BooleanUtils.txt', 'spring-data-redis_c5c3a8_4e13ac_src#main#java#org#springframework#data#redis#connection#jedis#JedisConnection.txt', 'spring-framework_e49869_5b1250_org.springframework.web.servlet#src#main#java#org#springframework#web#servlet#mvc#annotation#AnnotationMethodHandlerAdapter.txt', 'wildfly_6e92a1_d23b22_ejb3#src#main#java#org#jboss#as#ejb3#timerservice#persistence#database#DatabaseTimerPersistence.txt', 'commons-math_e1e2f1_9b8f39_src#main#java#org#apache#commons#math3#complex#Complex.txt'];True;[('6',), ('2',), ('2',), ('2',), ('3',), ('2',), ('1',), ('2',), ('3',), ('3',), ('3',), ('1',)];{('2',): 5, ('3',): 4, ('1',): 2}
ReturnStatement,ReturnStatement;3,3;['commons-codec_484698_ae8374_src#main#java#org#apache#commons#codec#binary#Base64.txt', 'hive_7ce966_06d9a6_common#src#java#org#apache#hadoop#hive#conf#HiveConf.txt', 'spring-security_9d0085_217152_web#src#main#java#org#springframework#security#web#authentication#ui#DefaultLoginPageGeneratingFilter.txt', 'spring-data-jpa_23fd13_e6e941_src#main#java#org#springframework#data#jpa#repository#query#JpaQueryCreator.txt', 'spring-roo_b5f76c_2fe755_classpath#src#main#java#org#springframework#roo#classpath#itd#ItdSourceFileComposer.txt'];True;[('2', '2', '2', '2'), ('25', '25'), ('2', '2', '2', '2'), ('2', '2', '2', '2'), ('4', '2', '4', '2')];{('2', '2', '2', '2'): 3}
SwitchCase;2;['wildfly-core_d6dff2_a7a5e1_domain-management#src#main#java#org#jboss#as#domain#management#security#SecurityRealmService.txt', 'hive_93db52_081f8b_shims#common#src#main#java#org#apache#hadoop#hive#shims#ShimLoader.txt', 'wildfly-core_df147c_fa7476_logging#src#main#java#org#jboss#as#logging#LoggingSubsystemParser.txt', 'hbase_bbeaba_37654f_hbase-client#src#main#java#org#apache#hadoop#hbase#zookeeper#ZooKeeperWatcher.txt', 'camel_9c4449_af4b48_components#camel-salesforce#camel-salesforce-component#src#main#java#org#apache#camel#component#salesforce#internal#processor#XmlRestProcessor.txt', 'camel_1a5df0_5187b5_components#camel-yammer#src#main#java#org#apache#camel#component#yammer#YammerEndpoint.txt', 'wildfly-core_ceca1b_f17eb2_cli#src#main#java#org#jboss#as#cli#impl#ReadlineConsole.txt'];True;[('1',), ('2',), ('0',), ('0',), ('0',), ('0',), ('0',)];{('0',): 5}
SwitchCase;4;['wildfly_9b141f_36b3fb_transactions#src#main#java#org#jboss#as#txn#deployment#TransactionRollbackSetupAction.txt', 'wildfly-elytron_470ef1_7fb9eb_src#main#java#org#wildfly#security#sasl#util#SaslMechanismInformation.txt', 'hive_fa24d4_28a2ef_ql#src#java#org#apache#hadoop#hive#ql#parse#SemanticAnalyzer.txt', 'hive_a4e898_062c1e_hcatalog#core#src#main#java#org#apache#hive#hcatalog#cli#SemanticAnalysis#HCatSemanticAnalyzer.txt', 'closure-compiler_a01d29_1d184a_src#com#google#javascript#jscomp#GlobalNamespace.txt'];True;[('0',), ('0',), ('0',), ('0',), ('0',)];{('0',): 5}
ThrowStatement;2;['spring-hadoop_9a91ed_5ad459_src#main#java#org#springframework#data#hadoop#hive#HiveScriptRunner.txt', 'wildfly-core_2685ae_33abe1_domain-management#src#main#java#org#jboss#as#domain#management#security#LdapGroupSearcherFactory.txt'];True;[('0',), ('0',)];{('0',): 2}
ThrowStatement;3;['hbase_6c7543_97acb9_hbase-client#src#main#java#org#apache#hadoop#hbase#protobuf#ProtobufUtil.txt', 'hbase_8f8d57_1154f8_hbase-mapreduce#src#main#java#org#apache#hadoop#hbase#mapreduce#replication#VerifyReplication.txt', 'spring-data-redis_32cc2a_2622f0_src#main#java#org#springframework#data#redis#connection#jedis#JedisClusterConnection.txt', 'commons-compress_00cc49_f90c1c_src#main#java#org#apache#commons#compress#archivers#zip#ZipFile.txt', 'wildfly_0f5fde_45f358_undertow#src#main#java#org#wildfly#extension#undertow#deployment#WebParsingDeploymentProcessor.txt', 'hbase_d7276f_c7ed31_src#main#java#org#apache#hadoop#hbase#regionserver#HRegion.txt', 'wildfly-core_d2ec73_f851de_cli#src#main#java#org#jboss#as#cli#handlers#ReloadHandler.txt', 'spring-framework_e4fcad_8e1685_spring-webmvc#src#main#java#org#springframework#web#servlet#mvc#method#annotation#AbstractMessageConverterMethodProcessor.txt', 'hbase_b66047_f14f3b_src#main#java#org#apache#hadoop#hbase#catalog#MetaEditor.txt', 'hive_3f5e65_b560f4_ql#src#java#org#apache#hadoop#hive#ql#exec#vector#mapjoin#fast#VectorMapJoinFastHashTable.txt', 'hbase_6ac21b_e9c8ea_src#java#org#apache#hadoop#hbase#zookeeper#HQuorumPeer.txt', 'hbase_a00785_6d9978_hbase-common#src#main#java#org#apache#hadoop#hbase#util#Bytes.txt', 'hbase_ec9c9e_af4e4b_hbase-client#src#main#java#org#apache#hadoop#hbase#client#ConnectionImplementation.txt', 'spring-data-commons_6297e4_3ec4fa_src#main#java#org#springframework#data#repository#query#Parameters.txt', 'hive_d589ee_7fa2ba_standalone-metastore#src#main#java#org#apache#hadoop#hive#metastore#HiveMetaStore.txt', 'hive_ff0577_cfa3d2_ql#src#java#org#apache#hadoop#hive#ql#io#HiveInputFormat.txt', 'hive_aead0a_c15c58_ql#src#java#org#apache#hadoop#hive#ql#optimizer#optiq#translator#DerivedTableInjector.txt', 'spring-framework_8d304e_3310ab_spring-beans#src#main#java#org#springframework#beans#factory#config#PlaceholderConfigurerSupport.txt', 'hive_fd5f34_c737db_standalone-metastore#metastore-server#src#main#java#org#apache#hadoop#hive#metastore#messaging#json#JSONCreateDatabaseMessage.txt', 'hive_790976_456a65_ql#src#java#org#apache#hadoop#hive#ql#exec#tez#DynamicValueRegistryTez.txt', 'spring-ws_5d13a6_795436_xml#src#main#java#org#springframework#xml#stream#StaxEventXmlReader.txt'];True;[('1',), ('0',), ('0',), ('1',), ('2',), ('1',), ('0',), ('2',), ('1',), ('1',), ('2',), ('0',), ('1',), ('0',), ('0',), ('2',), ('1',), ('2',), ('0',), ('1',), ('2',)];{('1',): 8, ('0',): 7, ('2',): 6}
ThrowStatement;4;['hive_3ea96e_51104e_ql#src#java#org#apache#hadoop#hive#ql#udf#generic#GenericUDFTrunc.txt', 'hive_e27498_ed5083_jdbc#src#java#org#apache#hadoop#hive#jdbc#HiveConnection.txt', 'hbase_278625_1e3d8c_hbase-server#src#main#java#org#apache#hadoop#hbase#regionserver#wal#FSHLog.txt', 'hbase_896457_8541fe_hbase-server#src#main#java#org#apache#hadoop#hbase#security#access#AccessController.txt', 'spring-security_3289c1_906a0c_web#src#main#java#org#springframework#security#web#bind#support#AuthenticationPrincipalArgumentResolver.txt', 'hbase_10d86c_046222_hbase-server#src#main#java#org#apache#hadoop#hbase#mapreduce#LoadIncrementalHFiles.txt', 'spring-framework_4653db_180c5b_spring-beans#src#main#java#org#springframework#beans#factory#config#FieldRetrievingFactoryBean.txt', 'spring-amqp_3959c1_5c1be6_spring-rabbit#src#main#java#org#springframework#amqp#rabbit#listener#BlockingQueueConsumer.txt', 'hive_424f65_cabb52_service#src#java#org#apache#hive#service#cli#Type.txt', 'commons-configuration_c24143_f40d5f_src#java#org#apache#commons#configuration#AbstractConfiguration.txt', 'hbase_4eb9e5_829c37_hbase-common#src#main#java#org#apache#hadoop#hbase#io#TimeRange.txt'];True;[('0',), ('0',), ('2',), ('0',), ('0',), ('0',), ('0',), ('5',), ('0',), ('0',), ('0',)];{('0',): 9}
ThrowStatement;8;['hbase_9ccf16_081498_hbase-client#src#main#java#org#apache#hadoop#hbase#client#HBaseAdmin.txt', 'hbase_143ee0_486d9e_hbase-client#src#main#java#org#apache#hadoop#hbase#client#HBaseAdmin.txt'];True;[('3',), ('3',)];{('3',): 2}
ThrowStatement,ReturnStatement;5,2;['wildfly-core_28d4bb_6faac3_cli#src#main#java#org#jboss#as#cli#impl#aesh#cmd#deployment#ListCommand.txt', 'spring-framework_d34a2c_b1000c_org.springframework.expression#src#main#java#org#springframework#expression#spel#support#ReflectivePropertyResolver.txt'];True;[('0', '3'), ('0', '3')];{('0', '3'): 2}
ThrowStatement,ThrowStatement;3,3;['hive_ab5cce_d52225_ql#src#java#org#apache#hadoop#hive#ql#parse#SemanticAnalyzer.txt', 'spring-security_475f25_37bb35_core#src#main#java#org#springframework#security#authentication#dao#DaoAuthenticationProvider.txt', 'spring-framework_2e4865_2748f2_spring-core#src#main#java#org#springframework#core#CollectionFactory.txt'];True;[('2', '2', '2', '2'), ('1', '1', '1', '1'), ('2', '2', '2', '2')];{('2', '2', '2', '2'): 2}
TryStatement;4;['hive_f500a4_759e5e_metastore#src#java#org#apache#hadoop#hive#metastore#ObjectStore.txt', 'commons-compress_8faba6_0437b1_src#main#java#org#apache#commons#compress#archivers#zip#ParallelScatterZipCreator.txt', 'hbase_63bdc7_a825ca_hbase-server#src#main#java#org#apache#hadoop#hbase#regionserver#wal#FSHLog.txt', 'hbase_7348a0_3d22c7_hbase-server#src#main#java#org#apache#hadoop#hbase#regionserver#HRegionFileSystem.txt'];True;[('0',), ('2',), ('3',), ('3',)];{('3',): 2}
TypeDeclaration;2;['camel_a73474_73ccd4_components#camel-syslog#src#main#java#org#apache#camel#component#syslog#Rfc3164SyslogConverter.txt', 'hive_c3aba1_7629db_common#src#java#org#apache#hadoop#hive#common#metrics#metrics2#CodahaleReporter.txt', 'spring-hadoop_d124a4_254af5_spring-yarn#spring-yarn-boot#src#main#java#org#springframework#yarn#boot#actuate#endpoint#mvc#YarnContainerClusterMvcEndpoint.txt', 'hbase_eaf0ba_7395ff_hbase-procedure#src#main#java#org#apache#hadoop#hbase#procedure2#FailedProcedure.txt', 'wildfly-swarm_eb9056_52c0e1_fractions#javaee#resource-adapters#src#main#java#org#wildfly#swarm#resource#adapters#ResourceAdapterFraction.txt', 'spring-data-jpa_08831c_d0a383_src#main#java#org#springframework#data#jpa#repository#JpaRepository.txt', 'hive_82998f_aa20b7_ql#src#java#org#apache#hadoop#hive#ql#udf#generic#GenericUDFStringToMap.txt', 'spring-security-oauth_a7812e_df71a5_spring-security-oauth2#src#main#java#org#springframework#security#oauth2#provider#refresh#RefreshTokenDetails.txt', 'camel_8945cf_2cdff2_components#camel-infinispan#src#main#java#org#apache#camel#component#infinispan#InfinispanConstants.txt', 'spring-framework_40ed4e7_d3f452_spring-web#src#main#java#org#springframework#web#util#UriComponents.txt', 'camel_d8bd66_6c66a4_components#camel-micrometer#src#main#java#org#apache#camel#component#micrometer#MicrometerEndpoint.txt', 'wildfly-core_4007b9_3eb65e_elytron#src#main#java#org#wildfly#extension#elytron#ModifiableKeyStoreDecorator.txt', 'spring-security_b0998c_577ec2_web#src#main#java#org#springframework#security#web#authentication#WebAuthenticationDetails.txt', 'spring-framework_3779fe_b4f33a_spring-webmvc#src#main#java#org#springframework#web#servlet#mvc#method#annotation#RequestPartMethodArgumentResolver.txt', 'camel_2eae5f9_35c85b_components#camel-ironmq#src#main#java#org#apache#camel#component#ironmq#IronMQEndpoint.txt', 'commons-compress_3083ea_d04e2a_src#main#java#org#apache#commons#compress#compressors#snappy#PureJavaCrc32C.txt', 'camel_c5e94c_23396c_components#camel-wordpress#src#main#java#org#apache#camel#component#wordpress#WordpressEndpoint.txt', 'hive_e353c7_f500a4_hcatalog#webhcat#svr#src#main#java#org#apache#hive#hcatalog#templeton#SimpleWebException.txt', 'spring-security_d288f7_d1960b_core#src#main#java#org#springframework#security#GrantedAuthoritiesContainer.txt', 'camel_35c85b_a309994_components#camel-braintree#src#main#java#org#apache#camel#component#braintree#BraintreeEndpoint.txt', 'spring-data-mongodb_ce71ab_bf85d8_spring-data-mongodb#src#main#java#org#springframework#data#mongodb#core#aggregation#LimitOperation.txt', 'commons-configuration_9fb296_d1f9b8_src#java#org#apache#commons#configuration#DefaultConfigurationBuilder.txt', 'hbase_c47511_248206_hbase-client#src#main#java#org#apache#hadoop#hbase#client#Future.txt', 'hive_4ddc9d_d6a783_ql#src#java#org#apache#hadoop#hive#ql#udf#generic#GenericUDFValidateAcidSortOrder.txt', 'spring-security_857157_30b700_openid#src#main#java#org#springframework#security#openid#OpenIDAttribute.txt', 'spring-security_e30c3d_e5b79f_core#src#main#java#org#acegisecurity#ui#savedrequest#SavedRequest.txt', 'hive_6607f8_e89f98c4_llap-common#src#java#org#apache#hadoop#hive#llap#protocol#LlapPluginProtocolPB.txt', 'hive_1d8143_c78f14_ql#src#java#org#apache#hadoop#hive#ql#udf#UDFOPLongDivide.txt', 'camel_64749f_4ee688_platforms#camel-catalog#src#main#java#org#apache#camel#catalog#CamelCatalogMBeanExporter.txt', 'camel_37968b_eed623_components#camel-spring#src#main#java#org#apache#camel#spring#CamelConsumerTemplateFactoryBean.txt', 'hbase_bff937_519543_hbase-server#src#main#java#org#apache#hadoop#hbase#master#cleaner#TimeToLiveProcedureWALCleaner.txt', 'wildfly-elytron_fca553_5b92ef_src#main#java#org#wildfly#security#auth#AuthenticationException.txt', 'hive_aebc90_62d802_ql#src#java#org#apache#hadoop#hive#ql#udf#UDFUUID.txt', 'wildfly-maven-plugin_9d11e3_6262fa_plugin#src#main#java#org#wildfly#plugin#deployment#DeployArtifactMojo.txt', 'camel_b0d99b_449a5f_components#camel-spring#src#main#java#org#apache#camel#spring#SpringRouteBuilder.txt', 'hive_594927_16bee8_ql#src#java#org#apache#hadoop#hive#ql#io#parquet#MapredParquetInputFormat.txt', 'spring-batch_d182b3_dcdeeb_infrastructure#src#main#java#org#springframework#batch#repeat#policy#CountingCompletionPolicy.txt', 'hbase_fcdf96_a4afa3_hbase-server#src#main#java#org#apache#hadoop#hbase#quotas#SpaceLimitingException.txt', 'spring-data-mongodb_eb9794_e2d6f1_spring-data-mongodb#src#main#java#org#springframework#data#mongodb#core#aggregation#GraphLookupOperation.txt', 'camel_a309994_f64ed5_components#camel-kubernetes#src#main#java#org#apache#camel#component#kubernetes#KubernetesEndpoint.txt', 'spring-amqp_6782c5_421152_spring-amqp#src#main#java#org#springframework#amqp#support#converter#MessageConversionException.txt', 'spring-framework_559e81_c8bbd0_spring-core#src#main#java#org#springframework#util#SocketUtils.txt'];True;[('5',), ('1',), ('2',), ('1',), ('2',), ('5',), ('4',), ('0',), ('1',), ('0',), ('4',), ('1',), ('0',), ('5',), ('4',), ('1',), ('4',), ('0',), ('0',), ('4',), ('1',), ('1',), ('4',), ('4',), ('0',), ('0',), ('4',), ('4',), ('5',), ('4',), ('0',), ('0',), ('4',), ('4',), ('0',), ('0',), ('0',), ('5',), ('1',), ('4',), ('0',), ('1',)];{('5',): 5, ('1',): 9, ('2',): 2, ('4',): 13, ('0',): 13}
TypeDeclaration,FieldDeclaration;2,10;['spring-security-oauth_ac9dc6_b83bd4_spring-security-oauth2#src#main#java#org#springframework#security#oauth2#provider#authentication#OAuth2AuthenticationDetails.txt', 'wildfly-elytron_5ab31f_af79ae_src#main#java#org#wildfly#security#key#RawKey.txt'];True;[('0', '6'), ('0', '6')];{('0', '6'): 2}
TypeDeclaration,FieldDeclaration;2,8;['commons-math_e07b1f_6f67ac_src#main#java#org#apache#commons#math3#random#BitsStreamGenerator.txt', 'spring-framework_9eb596_9939c4_spring-core#src#main#java#org#springframework#core#convert#TypeDescriptor.txt'];True;[('0', '1'), ('0', '1')];{('0', '1'): 2}
TypeDeclaration,MethodDeclaration;2,2;['wildfly_8d0753_52e089_ee#src#main#java#org#jboss#as#ee#subsystem#ContextServiceAdd.txt', 'wildfly-elytron_5888e9_e258db_src#main#java#org#wildfly#security#auth#server#event#RealmDefiniteOutcomeAuthenticationEvent.txt', 'spring-amqp_09fec1_de4ff9_spring-amqp#src#main#java#org#springframework#amqp#core#MessageBuilderSupport.txt'];True;[('0', '1'), ('1', '0'), ('1', '0')];{('1', '0'): 2}
TypeDeclaration,MethodDeclaration;2,7;['hbase_8290b2_0860bd_hbase-common#src#main#java#org#apache#hadoop#hbase#CellUtil.txt', 'hbase_88ca84_b6b991_hbase-common#src#main#java#org#apache#hadoop#hbase#CellUtil.txt'];True;[('0', '11'), ('0', '11')];{('0', '11'): 2}
TypeDeclaration,MethodDeclaration;3,3;['spring-batch_586760_fcf6e9_spring-batch-core#src#main#java#org#springframework#batch#core#configuration#support#AutomaticJobRegistrar.txt', 'spring-hadoop_846786_a6ded5_spring-yarn#spring-yarn-boot#src#main#java#org#springframework#yarn#boot#support#YarnBootClientApplicationListener.txt'];True;[('2', '3'), ('2', '3')];{('2', '3'): 2}
VariableDeclarationStatement;2;['commons-math_f70116_309d8b_src#main#java#org#apache#commons#math#stat#clustering#KMeansPlusPlusClusterer.txt', 'commons-compress_db0ea9_161781_src#main#java#org#apache#commons#compress#archivers#sevenz#SevenZFile.txt', 'hbase_1f9bf4_215290_hbase-server#src#main#java#org#apache#hadoop#hbase#io#hfile#HFileWriterImpl.txt', 'hbase_cdc2bb_6f0c9f_hbase-server#src#main#java#org#apache#hadoop#hbase#replication#regionserver#DumpReplicationQueues.txt', 'hbase_c62b39_c19bc6_hbase-server#src#main#java#org#apache#hadoop#hbase#regionserver#HRegionServer.txt', 'hive_018bc0_6e2191_ql#src#java#org#apache#hadoop#hive#ql#io#CombineHiveInputFormat.txt'];True;[('3',), ('3',), ('3',), ('3',), ('3',), ('3',)];{('3',): 6}
VariableDeclarationStatement;3;['hive_e46e47_caf333_metastore#src#java#org#apache#hadoop#hive#metastore#ObjectStore.txt', 'hive_8d9b84_a7c197_standalone-metastore#src#main#java#org#apache#hadoop#hive#metastore#ObjectStore.txt', 'spring-framework_9c44f9_6070a4_org.springframework.context#src#main#java#org#springframework#scheduling#support#CronSequenceGenerator.txt', 'camel_62bc0b_6cef03_components#camel-csv#src#main#java#org#apache#camel#dataformat#csv#CsvDataFormat.txt'];True;[('7',), ('7',), ('2',), ('2',)];{('7',): 2, ('2',): 2}
VariableDeclarationStatement,ExpressionStatement;7,5;['camel_720ce7_b66ce5_components#camel-optaplanner#src#main#java#org#apache#camel#component#optaplanner#OptaPlannerEndpoint.txt', 'spring-webflow_19be41_084b4e_spring-webflow#src#main#java#org#springframework#webflow#engine#builder#model#FlowModelFlowBuilder.txt', 'spring-ws_7d0cc9_b3bc17_security#src#main#java#org#springframework#ws#soap#security#wss4j#Wss4jSecurityInterceptor.txt'];True;[('30', '4'), ('0', '1'), ('0', '1')];{('0', '1'): 2}
VariableDeclarationStatement,TryStatement;3,12;['spring-security-oauth_38c4f4_8bc1a4_spring-security-oauth2#src#main#java#org#springframework#security#oauth2#client#filter#OAuth2ClientContextFilter.txt', 'hbase_d3dcce_f2f468_hbase-server#src#main#java#org#apache#hadoop#hbase#util#FSUtils.txt'];True;[('1', '3'), ('1', '3')];{('1', '3'): 2}
VariableDeclarationStatement,VariableDeclarationStatement;2,5;['hive_1cae31_120271_llap-server#src#java#org#apache#hadoop#hive#llap#cli#LlapServiceDriver.txt', 'hive_eca6b8_006d69_llap-server#src#java#org#apache#hadoop#hive#llap#cli#LlapServiceDriver.txt', 'hive_3e8516_b9e36a_llap-server#src#java#org#apache#hadoop#hive#llap#cli#LlapServiceDriver.txt', 'hive_7a04dd_be8a45_llap-server#src#java#org#apache#hadoop#hive#llap#cli#LlapServiceDriver.txt'];True;[('0', '41'), ('0', '41'), ('0', '41'), ('0', '41')];{('0', '41'): 4}
WhileStatement;3;['commons-compress_7a76c4_541898_src#main#java#org#apache#commons#compress#archivers#zip#ZipArchiveInputStream.txt', 'hive_57bf9b_98ef34_ql#src#java#org#apache#hadoop#hive#ql#io#orc#SerializationUtils.txt'];True;[('0',), ('0',)];{('0',): 2}
